keyword,filter_name,filter_value,freq
Lipstick,brand,Lakme,4611
Lipstick,brand,Maybelline New York,4530
Lipstick,finish,Matte,3128
Lipstick,brand,Nykaa Cosmetics,2989
Lipstick,color,Pink,2974
Lipstick,brand,Colorbar,2639
Lipstick,brand,L'Oreal Paris,2506
Lipstick,color,Red,2423
Lipstick,color,Nude,2355
Lipstick,color,Maroon,2255
Lipstick,color,Brown,1984
Nail Polish,brand,Nykaa Cosmetics,1668
Lipstick,brand,M.A.C,1638
Nail Polish,brand,Lakme,1592
Eyeliner,brand,Maybelline New York,1568
Lipstick,brand,Elle 18,1559
Eyeliner,color,Black,1518
Eyeliner,brand,Lakme,1487
Lipstick,brand,SUGAR,1304
Nail Polish,brand,Maybelline New York,1286
Lipstick,brand,Faces,1236
Lipstick,brand,Revlon,1206
Lipstick,finish,Creme,1082
Nail Polish,brand,Colorbar,1075
Lipstick,brand,NYX Professional Makeup,1035
Eyeliner,brand,L'Oreal Paris,1034
Lipstick,brand,Avon,1025
Lipstick,brand,Lotus Herbals,1020
Lipstick,brand,Coloressence,960
Nail Polish,brand,Elle 18,943
Nail Polish,color,Nude,934
Eyeliner,brand,Colorbar,929
Lipstick,brand,Oriflame,925
Lipstick,brand,Huda Beauty,922
Lipstick,brand,Blue Heaven,804
Foundation,brand,Maybelline New York,802
Lipstick,brand,Miss Claire,780
Nail Polish,brand,L'Oreal Paris,773
Nail Polish,brand,Faces,754
Lipstick,color,Purple,729
Lipstick,brand,Chambor,710
Eyeliner,brand,Nykaa Cosmetics,702
Nail Polish,color,Pink,700
Lipstick,finish,Natural,695
Lipstick,brand,Bobbi Brown,673
Shampoo,concern,Hair Fall,672
Foundation,brand,Lakme,654
Lipstick,brand,Wet n Wild,645
Eyeliner,finish,Matte,637
Eyeliner,brand,Faces,618
Lipstick,finish,Glossy,610
Eyeliner,color,Blue,584
Eyeliner,brand,M.A.C,580
Shampoo,concern,Dryness,580
Shampoo,brand,L'Oreal Professionnel,577
Nail Polish,brand,Revlon,553
Shampoo,brand,L'Oreal Paris,535
Shampoo,concern,Damaged Hair,527
Lipstick,finish,Satin,520
Lipstick,color,Orange,508
Shampoo,concern,Frizzy Hair,496
Lipstick,brand,Absolute New York,495
Shampoo,preference,Sulfate-Free,469
Shampoo,concern,Dandruff,460
Foundation,brand,L'Oreal Paris,456
Shampoo,preference,Paraben-Free,455
Foundation,brand,M.A.C,446
Nail Polish,brand,Avon,442
Nail Polish,color,Red,433
Eyeliner,brand,Revlon,430
Lipstick,brand,Clinique,410
Lipstick,brand,The Body Shop,410
Lipstick,brand,Makeup Revolution,401
Nail Polish,color,Blue,390
Foundation,brand,Colorbar,381
Eyeliner,brand,NYX Professional Makeup,380
Eyeliner,brand,Lotus Herbals,377
Nail Polish,color,Black,375
Nail Polish,brand,Lotus Herbals,367
Shampoo,brand,Biotique,360
Shampoo,brand,Tresemme,355
Eyeliner,brand,Blue Heaven,352
Eyeliner,formulation,Liquid,349
Lipstick,brand,Estee Lauder,340
Eyeliner,formulation,Pen,339
Shampoo,brand,Dove,338
Lipstick,brand,Kiko Milano,336
Nail Polish,brand,SUGAR,333
Eyeliner,color,Brown,331
Nail Polish,brand,Blue Heaven,323
Shampoo,brand,The Body Shop,322
Lipstick,brand,Incolor,319
Eyeliner,brand,Chambor,314
Foundation,finish,Natural,311
Nail Polish,brand,Oriflame,303
Shampoo,preference,SLS-Free,301
Nail Polish,color,Maroon,299
Lipstick,formulation,Stick,295
Shampoo,concern,Thinning,293
Shampoo,concern,Dullness,288
Shampoo,brand,Schwarzkopf Professional,287
Eyeliner,brand,SUGAR,286
Eyeliner,brand,Coloressence,281
Lipstick,brand,Deborah,274
Eyeliner,brand,Oriflame,273
Foundation,finish,Matte,271
Nail Polish,color,Green,271
Lipstick,formulation,Liquid,269
Eyeliner,brand,Biotique,266
Eyeliner,brand,Wet n Wild,264
Lipstick,brand,Rimmel,262
Nail Polish,color,Grey,260
Eyeliner,color,Green,258
Lipstick,brand,L.A. Girl,254
Shampoo,brand,Schwarzkopf,253
Lipstick,brand,L.A. Colors,250
Foundation,brand,Bobbi Brown,247
Nail Polish,color,Silver,247
Lipstick,brand,Swiss Beauty,246
Shampoo,concern,Volumizing,246
Foundation,color,Nude,244
Foundation,brand,Nykaa Cosmetics,244
Eyeliner,brand,Bobbi Brown,243
Lipstick,color,Coral,239
Nail Polish,color,White,236
Shampoo,concern,Daily-use,235
Shampoo,brand,Matrix,233
Eyeliner,brand,Clinique,232
Eyeliner,brand,The Body Shop,230
Foundation,brand,Faces,230
Nail Polish,color,Brown,228
Shampoo,brand,Wella Professionals,224
Foundation,skin tone,Medium/Wheatish,222
Shampoo,concern,Split Ends,222
Shampoo,brand,Forest Essentials,219
Nail Polish,brand,Bobbi Brown,218
Lipstick,brand,Bonjour Paris,217
Foundation,brand,NYX Professional Makeup,214
Nail Polish,brand,Miss Claire,210
Lipstick,brand,Dazller Eterna,207
Nail Polish,color,Coral,207
Nail Polish,color,Gold,206
Nail Polish,brand,O.P.I,206
Lipstick,finish,Shimmer,203
Foundation,skin type,Dry,202
Nail Polish,brand,Kiko Milano,200
Shampoo,preference,Silicone-Free,200
Shampoo,brand,Garnier,198
Lipstick,brand,Inglot,197
Foundation,brand,Huda Beauty,196
Nail Polish,color,Transparent,195
Shampoo,brand,Khadi Natural,195
Lipstick,color,Black,194
Eyeliner,color,Silver,193
Nail Polish,color,Purple,193
Eyeliner,brand,Avon,191
Eyeliner,brand,Miss Claire,191
Nail Polish,brand,Wet n Wild,191
Lipstick,brand,Smashbox,189
Eyeliner,brand,Kiko Milano,188
Lipstick,finish,Mettalic,188
Foundation,formulation,Liquid,183
Foundation,brand,L.A. Girl,183
Shampoo,concern,Oil Control,183
Shampoo,brand,Pantene,182
Shampoo,brand,Sunsilk,182
Eyeliner,brand,Estee Lauder,181
Foundation,brand,Estee Lauder,180
Lipstick,brand,Benefit Cosmetics,180
Lipstick,brand,PAC,178
Eyeliner,brand,L.A. Girl,177
Lipstick,brand,C.A.L Los Angeles,174
Foundation,brand,Revlon,171
Lipstick,brand,Essence,171
Lipstick,brand,Gala of London,171
Nail Polish,color,Yellow,171
Eyeliner,brand,Makeup Revolution,170
Foundation,brand,Coloressence,169
Shampoo,brand,Head & Shoulders,167
Nail Polish,brand,Sally Hansen,164
Foundation,skin tone,Fair/Light,162
Eyeliner,color,Purple,161
Foundation,brand,Oriflame,161
Lipstick,finish,Luminous,159
Eyeliner,finish,Gel,157
Foundation,brand,Clinique,156
Shampoo,brand,BBlunt,155
Shampoo,brand,OGX,155
Shampoo,preference,Ammonia-Free,152
Shampoo,preference,Pthalate-Free,152
Foundation,brand,Makeup Revolution,151
Eyeliner,color,Grey,149
Nail Polish,brand,Essence,148
Lipstick,brand,Elizabeth Arden,146
Eyeliner,brand,Absolute New York,145
Foundation,skin type,Combination,145
Foundation,finish,Satin,144
Foundation,brand,Lotus Herbals,144
Lipstick,brand,Bella Voste,142
Eyeliner,finish,Glossy,141
Nail Polish,brand,Inglot,141
Nail Polish,brand,Innisfree,141
Foundation,brand,Wet n Wild,138
Foundation,brand,Chambor,137
Lipstick,brand,Milani,137
Nail Polish,color,Orange,137
Foundation,finish,Luminous,135
Nail Polish,brand,Deborah,135
Lipstick,brand,NELF USA,134
Eyeliner,brand,Deborah,133
Shampoo,brand,AromaMagic,132
Eyeliner,color,Gold,131
Shampoo,brand,Khadi Pure,130
Lipstick,finish,Special Effect,128
Shampoo,brand,Fabindia,128
Lipstick,brand,Australis,125
Lipstick,brand,Iba Halal Care,125
Eyeliner,finish,Natural,124
Lipstick,brand,The Face Shop,124
Eyeliner,finish,Shimmer,122
Shampoo,brand,Himalaya,122
Shampoo,brand,Kama Ayurveda,122
Eyeliner,color,Nude,121
Lipstick,brand,Bharat & Dorris,120
Shampoo,concern,Tangled Hair,120
Shampoo,brand,Innisfree,120
Shampoo,brand,Lotus Herbals,120
Eyeliner,formulation,Gel,119
Nail Polish,brand,L.A. Colors,118
Nail Polish,brand,Makeup Revolution,118
Shampoo,brand,WOW,117
Foundation,brand,Kiko Milano,116
Lipstick,finish,Gel,116
Foundation,brand,Miss Claire,115
Shampoo,brand,Khadi Gold,115
Foundation,skin type,Oily,114
Eyeliner,brand,The Face Shop,112
Lipstick,brand,Innisfree,112
Eyeliner,brand,Inglot,111
Eyeliner,brand,Essence,110
Shampoo,concern,Color Protection,110
Eyeliner,formulation,Pencil,109
Eyeliner,color,Maroon,109
Lipstick,color,Transparent,109
Shampoo,brand,Toni&Guy,109
Foundation,brand,The Body Shop,108
Foundation,brand,L.A. Colors,107
Eyeliner,finish,Glitter,106
Foundation,brand,Benefit Cosmetics,106
Foundation,brand,PAC,106
Eyeliner,color,Red,104
Foundation,skin tone,Dusky/Dark,104
Shampoo,brand,L'Occitane,104
Lipstick,color,Blue,103
Eyeliner,brand,Smashbox,102
Foundation,brand,Blue Heaven,101
Nail Polish,brand,Rimmel,101
Foundation,brand,MAKE UP FOR EVER,100
Shampoo,brand,Plum,99
Foundation,brand,Absolute New York,96
Lipstick,brand,MyGlamm,95
Lipstick,brand,Star Struck by Sunny Leone,95
Shampoo,brand,Kiehl's,95
Eyeliner,brand,O3+,94
Foundation,brand,Smashbox,94
Lipstick,brand,GlamGals,94
Nail Polish,brand,Street Wear,94
Lipstick,brand,Insight Cosmetics,93
Lipstick,brand,Street Wear,93
Shampoo,brand,Moroccanoil,93
Eyeliner,color,White,92
Eyeliner,brand,Revolution Pro,92
Foundation,brand,Avon,92
Lipstick,brand,Ciaté London,92
Shampoo,brand,Aveda,92
Foundation,skin type,Sensitive,91
Foundation,brand,Revolution Pro,91
Shampoo,brand,Avon,91
Eyeliner,brand,Incolor,90
Shampoo,brand,Mamaearth,90
Shampoo,brand,St.Botanica,90
Eyeliner,color,Pink,89
Eyeliner,brand,Dazller Eterna,89
Foundation,brand,SUGAR,89
Nail Polish,brand,Dazller Eterna,89
Nail Polish,brand,Disney,88
Eyeliner,brand,Innisfree,87
Lipstick,brand,Jaquline USA,87
Shampoo,brand,Cetaphil,87
Eyeliner,brand,Benefit Cosmetics,86
Eyeliner,brand,ADS,85
Foundation,brand,Innisfree,85
Lipstick,brand,Barva Skin Therapie,84
Shampoo,brand,AMAZON KERATIN,84
Nail Polish,brand,MyGlamm,82
Foundation,brand,Incolor,81
Foundation,brand,Milani,81
Lipstick,brand,MAKE UP FOR EVER,81
Shampoo,brand,Lakme,81
Lipstick,brand,Focallure,80
Lipstick,brand,Revolution Pro,80
Eyeliner,brand,Swiss Beauty,79
Foundation,skin type,Normal,79
Lipstick,brand,Diana Of London,79
Lipstick,brand,Nicka K,79
Lipstick,brand,Organistick,79
Shampoo,concern,Roughness,79
Shampoo,brand,Kaya,78
Nail Polish,brand,LYN,77
Nail Polish,brand,Miss Nails,77
Foundation,brand,Essence,74
Eyeliner,brand,PAC,73
Lipstick,formulation,Crayon,73
Lipstick,brand,Eleanor,73
Lipstick,brand,Simply Pretty,73
Shampoo,brand,Oriflame,73
Lipstick,color,Grey,72
Foundation,finish,Glossy,71
Nail Polish,brand,Jaquline USA,71
Foundation,brand,The Face Shop,70
Nail Polish,brand,Bella Voste,70
Shampoo,brand,The Moms Co.,70
Nail Polish,brand,Gala of London,69
Eyeliner,finish,Mettalic,68
Lipstick,brand,3INA,68
Lipstick,brand,Note,68
Eyeliner,brand,Rimmel,67
Nail Polish,brand,Ciaté London,67
Foundation,color,Brown,66
Eyeliner,brand,Garnier,65
Foundation,brand,Elizabeth Arden,65
Nail Polish,brand,Swiss Beauty,65
Shampoo,brand,VLCC,65
Shampoo,brand,BVLGARI,64
Shampoo,brand,Nivea,64
Lipstick,formulation,Cream,63
Shampoo,brand,Khadi Shuddha,62
Nail Polish,brand,Kinetics,61
Shampoo,brand,Sebamed,61
Eyeliner,brand,Elizabeth Arden,60
Lipstick,brand,Eylina,60
Shampoo,brand,Just Herbs,60
Lipstick,color,Green,59
Shampoo,brand,Balmain Paris,59
Shampoo,brand,Johnson's,59
Lipstick,color,Gold,58
Lipstick,brand,SoulTree,58
Nail Polish,brand,Bonjour Paris,58
Nail Polish,brand,DeBelle,58
Lipstick,brand,Daily Life Forever52,57
Nail Polish,brand,Incolor,56
Shampoo,brand,The Body Care,56
Foundation,finish,Creme,54
Foundation,brand,Swiss Beauty,54
Foundation,brand,Inglot,53
Lipstick,brand,BOLLYGLOW,53
Lipstick,brand,TEEN.TEEN,53
Eyeliner,brand,Vega,52
Lipstick,brand,BeYu,52
Nail Polish,brand,YLG,52
Shampoo,brand,Dr.Batra's,52
Eyeliner,brand,Bonjour Paris,51
Eyeliner,brand,C.A.L Los Angeles,51
Nail Polish,brand,Kara,51
Shampoo,brand,Sebastian Professional,51
Foundation,formulation,Cream,50
Lipstick,finish,Glitter,50
Lipstick,brand,Shiseido,50
Shampoo,brand,Yves Rocher,50
Lipstick,brand,theBalm,49
Nail Polish,brand,Diana Of London,49
Shampoo,brand,Aroma Treasures,49
Shampoo,brand,Aaranyaa,48
Shampoo,brand,Juicy Chemistry,47
Shampoo,brand,Revlon,47
Lipstick,finish,Duochrome,46
Lipstick,brand,Biotique,46
Nail Polish,brand,3INA,45
Foundation,brand,Rimmel,44
Lipstick,brand,Teen Beauty,44
Lipstick,brand,Freedom,43
Nail Polish,brand,Elite Models,43
Nail Polish,brand,NELF USA,43
Shampoo,brand,Kevin.Murphy,43
Foundation,brand,Bharat & Dorris,42
Lipstick,brand,Flower Beauty,42
Lipstick,brand,I Heart Revolution,42
Shampoo,brand,Beauty Award Winners,42
Shampoo,brand,Givenchy,42
Eyeliner,brand,Bharat & Dorris,41
Eyeliner,brand,Jovees,41
Foundation,brand,Deborah,41
Foundation,brand,Shiseido,41
Lipstick,color,White,41
Nail Polish,brand,Elenblu,41
Nail Polish,brand,Teen Beauty,41
Lipstick,brand,Mistral Of Milan,40
Nail Polish,brand,Makeup Mania,40
Nail Polish,brand,Yves Rocher,40
Shampoo,brand,Greenberry Organics,40
Shampoo,brand,Palmer's,40
Lipstick,color,Silver,39
Nail Polish,brand,Clavo,39
Shampoo,brand,Abeers Khadi,39
Shampoo,brand,Ducray,39
Shampoo,brand,Macadamia,39
Shampoo,brand,Richfeel,39
Eyeliner,brand,MyGlamm,38
Lipstick,brand,DailyObjects,38
Lipstick,brand,Ruby's Organics,38
Shampoo,brand,Coloressence,38
Shampoo,brand,Skin Elements,38
Shampoo,brand,SoulTree,38
Eyeliner,color,Orange,37
Foundation,brand,MyGlamm,37
Nail Polish,brand,IsaDora,37
Eyeliner,brand,MAKE UP FOR EVER,36
Lipstick,brand,Glamglow,36
Nail Polish,brand,Simply Pretty,36
Nail Polish,brand,The Body Shop,36
Shampoo,brand,Delon,36
Shampoo,brand,VLCC Ayurveda,36
Lipstick,brand,Spekta Cosmetics,35
Nail Polish,brand,O3+,35
Foundation,brand,Natio,34
Lipstick,brand,Disguise Cosmetics,34
Nail Polish,brand,TS,34
Shampoo,brand,Bottega Di Lungavita,34
Shampoo,brand,Jovees,34
Shampoo,brand,Soulflower,34
Eyeliner,brand,Diana Of London,33
Foundation,finish,Shimmer,33
Foundation,formulation,Pressed Powder,33
Nail Polish,brand,Ellement Co.,33
Shampoo,brand,Dabur,33
Eyeliner,brand,Shiseido,32
Foundation,brand,Vega,32
Lipstick,brand,Miss Nails,32
Nail Polish,brand,Paese Cosmetics,32
Shampoo,brand,Amazon Series,32
Shampoo,brand,Raaga Professional,32
Foundation,brand,Olay,31
Lipstick,brand,Guerlain,31
Nail Polish,brand,GlamGals,31
Shampoo,brand,Anatomicals,31
Shampoo,brand,Chicco,31
Shampoo,brand,Nature's Essence,31
Eyeliner,brand,Insight Cosmetics,30
Foundation,brand,theBalm,30
Lipstick,brand,Lottie London,30
Nail Polish,brand,Iba Halal Care,30
Nail Polish,brand,Natio,30
Shampoo,brand,Maybelline New York,30
Shampoo,brand,The Nature's Co.,30
Shampoo,brand,Vaadi Herbals,30
Eyeliner,brand,Gala of London,29
Eyeliner,brand,Khadi Natural,29
Eyeliner,brand,Milani,29
Eyeliner,brand,Street Wear,29
Foundation,brand,O3+,29
Lipstick,brand,Dove,29
Nail Polish,brand,M.A.C,29
Shampoo,brand,Shahnaz Husain,29
Eyeliner,brand,Elle 18,28
Eyeliner,brand,GlamGals,28
Eyeliner,brand,Plum,28
Foundation,brand,Jovees,28
Nail Polish,brand,Athena,28
Shampoo,brand,Olaplex,28
Foundation,brand,Bonjour Paris,27
Foundation,brand,Dazller Eterna,27
Lipstick,brand,MUD,27
Shampoo,brand,Arganic,27
Shampoo,brand,Chik,27
Shampoo,brand,Nike,27
Eyeliner,brand,Beauty Award Winners,26
Eyeliner,brand,L.A. Colors,26
Foundation,brand,BeYu,26
Lipstick,brand,Amante,26
Lipstick,brand,Crown,26
Nail Polish,brand,Eylina,26
Nail Polish,brand,NewU,26
Shampoo,brand,Agaro,26
Shampoo,brand,Streax Professional,26
Eyeliner,brand,Iba Halal Care,25
Eyeliner,brand,Jaquline USA,25
Eyeliner,brand,Nivea,25
Lipstick,brand,Natio,25
Lipstick,brand,Zivame,25
Nail Polish,brand,Dove,25
Shampoo,brand,FarmaVita,25
Shampoo,brand,Global Keratin,25
Shampoo,brand,Indulekha,25
Shampoo,brand,Park Avenue,25
Eyeliner,brand,Nykaa Naturals,24
Foundation,formulation,Mousse,24
Nail Polish,brand,Insight Cosmetics,24
Shampoo,brand,Brocato,24
Shampoo,brand,Godrej Professional,24
Shampoo,brand,TIGI,24
Foundation,brand,Insight Cosmetics,23
Lipstick,brand,Bodycare,23
Lipstick,brand,SeaSoul,23
Nail Polish,brand,Clovia,23
Nail Polish,brand,NUGEL,23
Nail Polish,brand,Note,23
Shampoo,brand,AHAVA,23
Shampoo,brand,Aloe Veda,23
Shampoo,brand,Coco Soul,23
Shampoo,brand,Iba Halal Care,23
Shampoo,brand,Organic Harvest,23
Eyeliner,brand,theBalm,22
Foundation,brand,NELF USA,22
Lipstick,brand,Enamor,22
Lipstick,brand,Love Fashion,22
Shampoo,brand,Happy Naturals,22
Shampoo,brand,Pure Derm,22
Shampoo,brand,SP,22
Shampoo,brand,Trichup,22
Eyeliner,brand,Bella Voste,21
Eyeliner,brand,Jockey,21
Lipstick,color,Yellow,21
Nail Polish,brand,Amante,21
Nail Polish,brand,Ang-Tatva,21
Shampoo,brand,Nykaa Cosmetics,21
Shampoo,brand,Swati Khadi,21
Eyeliner,brand,Ciaté London,20
Eyeliner,brand,Himalaya,20
Foundation,finish,Special Effect,20
Foundation,brand,C.A.L Los Angeles,20
Foundation,brand,GlamGals,20
Foundation,brand,Guerlain,20
Lipstick,brand,Jockey,20
Lipstick,brand,Stars Cosmetics,20
Lipstick,brand,Tenamyd Canada,20
Nail Polish,brand,Jockey,20
Nail Polish,brand,Luxury Focus,20
Nail Polish,brand,Orly,20
Shampoo,brand,Jockey,20
Shampoo,brand,Salvatore Ferragamo,20
Shampoo,brand,The Man Company,20
Eyeliner,brand,BeYu,19
Foundation,formulation,Powder,19
Foundation,brand,Note,19
Lipstick,brand,Himalaya,19
Lipstick,brand,OTG,19
Lipstick,brand,Pro Arte,19
Lipstick,brand,Yves Rocher,19
Nail Polish,brand,Bajaj Nomarks,19
Shampoo,brand,Alma K,19
Shampoo,brand,Argan Deluxe,19
Shampoo,brand,Hedonista,19
Shampoo,brand,KT Professional,19
Eyeliner,brand,NELF USA,18
Eyeliner,brand,Nicka K,18
Eyeliner,brand,Note,18
Foundation,formulation,Stick,18
Lipstick,brand,Ferrarucci,18
Lipstick,brand,IsaDora,18
Lipstick,brand,Zuii Organic,18
Nail Polish,brand,Enliven,18
Nail Polish,brand,Panache,18
Shampoo,brand,Bella Vita Organic,18
Shampoo,brand,Patanjali,18
Eyeliner,brand,AromaMagic,17
Eyeliner,brand,L'Oreal Professionnel,17
Foundation,brand,Diana Of London,17
Foundation,brand,Gala of London,17
Nail Polish,brand,Biotique,17
Nail Polish,brand,PrettySecrets,17
Nail Polish,brand,Zivame,17
Shampoo,brand,Colorbar,17
Shampoo,brand,Joy,17
Shampoo,brand,MCaffeine,17
Eyeliner,brand,Anatomicals,16
Eyeliner,brand,Bon Organics,16
Eyeliner,brand,Lottie London,16
Eyeliner,brand,Neutrogena,16
Eyeliner,brand,Paese Cosmetics,16
Foundation,brand,3INA,16
Foundation,brand,Daily Life Forever52,16
Lipstick,brand,Nykaa Naturals,16
Lipstick,brand,Olay,16
Lipstick,brand,Palladio,16
Lipstick,brand,Ponds,16
Nail Polish,brand,Nykaa Naturals,16
Shampoo,brand,Brillare,16
Eyeliner,brand,Flower Beauty,15
Lipstick,brand,Paese Cosmetics,15
Nail Polish,brand,Himalaya,15
Nail Polish,brand,Max Factor,15
Shampoo,brand,Assure,15
Shampoo,brand,Be Bonnie,15
Shampoo,brand,Belcam,15
Shampoo,brand,De Fabulous,15
Shampoo,brand,HAIR4REAL,15
Shampoo,brand,Iluvia,15
Shampoo,brand,Marc Anthony,15
Shampoo,brand,Nyle,15
Eyeliner,brand,3INA,14
Eyeliner,brand,Freedom,14
Eyeliner,brand,I Heart Revolution,14
Eyeliner,brand,Juicy Chemistry,14
Foundation,finish,Clear,14
Foundation,brand,Iba Halal Care,14
Lipstick,brand,ENN,14
Lipstick,brand,Khadi Natural,14
Lipstick,brand,Nivea,14
Lipstick,brand,The Little Bauble Box,14
Nail Polish,brand,Chambor,14
Nail Polish,brand,Enamor,14
Nail Polish,brand,Huda Beauty,14
Nail Polish,brand,IBI,14
Nail Polish,brand,Micio,14
Shampoo,brand,AuraVedic,14
Shampoo,brand,Berina,14
Shampoo,brand,Vega,14
Eyeliner,brand,Amante,13
Eyeliner,brand,Australis,13
Eyeliner,brand,Cetaphil,13
Eyeliner,brand,Clovia,13
Eyeliner,brand,Daily Life Forever52,13
Eyeliner,brand,Dr. Sheth's,13
Eyeliner,brand,Enamor,13
Eyeliner,brand,Focallure,13
Eyeliner,brand,Yves Rocher,13
Eyeliner,brand,Zivame,13
Foundation,brand,IsaDora,13
Nail Polish,brand,Nivea,13
Shampoo,brand,Lever Ayush,13
Shampoo,brand,Mom & World,13
Shampoo,brand,VILVAH,13
Eyeliner,brand,Guerlain,12
Eyeliner,brand,K-Veda,12
Foundation,formulation,Gel,12
Foundation,brand,MUD,12
Lipstick,brand,Fran Wilson Moodmatcher,12
Lipstick,brand,Garnier,12
Lipstick,brand,W7,12
Nail Polish,brand,Blush,12
Nail Polish,brand,Forest Essentials,12
Nail Polish,brand,Hiphop,12
Nail Polish,brand,Mistral Of Milan,12
Shampoo,brand,Alanna,12
Shampoo,brand,Denver,12
Shampoo,brand,Estrella Professional,12
Shampoo,brand,Zivame,12
Foundation,brand,Australis,11
Foundation,brand,Elle 18,11
Foundation,brand,Flower Beauty,11
Foundation,brand,Real Techniques,11
Foundation,brand,TEEN.TEEN,11
Lipstick,brand,Clovia,11
Lipstick,brand,Iba Halal Car,11
Lipstick,brand,LASplash,11
Lipstick,brand,VLCC,11
Nail Polish,brand,Tresemme,11
Shampoo,brand,Ahé Naturals,11
Shampoo,brand,Ancient Living,11
Shampoo,brand,BRYAN & CANDY,11
Shampoo,brand,Batiste,11
Shampoo,brand,Neutrogena,11
Eyeliner,brand,Ruby's Organics,10
Foundation,finish,Duochrome,10
Foundation,finish,Mettalic,10
Foundation,formulation,Loose Powder,10
Foundation,brand,Just Herbs,10
Foundation,brand,NYX Professional Ma,10
Foundation,brand,Palladio,10
Lipstick,brand,20Dresses,10
Lipstick,brand,Make Up For Life,10
Lipstick,brand,Verada Beauty,10
Nail Polish,brand,Oshea Herbals,10
Nail Polish,brand,Philips,10
Nail Polish,brand,VLCC,10
Shampoo,brand,Coccoon,10
Shampoo,brand,Rahul Phate's,10
Shampoo,brand,Rustic Art,10
Shampoo,brand,Urban Care,10
Eyeliner,brand,Bronson Professional,9
Eyeliner,brand,Dermalogica,9
Eyeliner,brand,Lotus Organics,9
Eyeliner,brand,Stars Cosmetics,9
Eyeliner,brand,Wella Professionals,9
Foundation,brand,Bronson Professional,9
Foundation,brand,Dermalogica,9
Foundation,brand,Elite Models,9
Foundation,brand,Fair and Lovely,9
Foundation,brand,Gorgio Professional,9
Foundation,brand,Nicka K,9
Lipstick,brand,Kaya,9
Lipstick,brand,L'Oreal Professionnel,9
Lipstick,brand,Tresemme,9
Lipstick,brand,Vega,9
Nail Polish,brand,Bodycare,9
Nail Polish,brand,NYX Professional Makeup,9
Shampoo,brand,Aromatherapy Associates,9
Shampoo,brand,Bella B,9
Shampoo,brand,Enamor,9
Shampoo,brand,Enliven,9
Shampoo,brand,Fuschia,9
Shampoo,brand,Lotus Organics,9
Shampoo,brand,PrettySecrets,9
Shampoo,brand,PureSense,9
Eyeliner,brand,Bodycare,8
Eyeliner,brand,Color Fever,8
Eyeliner,brand,IsaDora,8
Eyeliner,brand,Lacto Calamine,8
Eyeliner,brand,Pro Arte,8
Eyeliner,brand,Urban Beauty United,8
Foundation,brand,Agaro,8
Foundation,brand,Babila,8
Foundation,brand,Babyliss,8
Foundation,brand,Barva Skin Therapie,8
Foundation,brand,Biotique,8
Foundation,brand,Corioliss,8
Foundation,brand,Ferrarucci,8
Foundation,brand,Street Wear,8
Foundation,brand,Yves Rocher,8
Lipstick,brand,AromaMagic,8
Lipstick,brand,Joker & Witch,8
Nail Polish,brand,Clinique,8
Nail Polish,brand,Coloressence,8
Nail Polish,brand,Iba Halal,8
Nail Polish,brand,Shahnaz Husain,8
Shampoo,brand,Barbie,8
Shampoo,brand,Cab's Professional,8
Shampoo,brand,K.P. Namboodiri's,8
Shampoo,brand,Kronokare,8
Shampoo,brand,L'Oreal Paris Men,8
Shampoo,brand,Luxury Focus,8
Shampoo,brand,O3+,8
Shampoo,brand,Vedic Line,8
Eyeliner,brand,Anusha For PrettySecrets,7
Eyeliner,brand,Babyliss,7
Eyeliner,brand,Dove,7
Eyeliner,brand,Eylina,7
Eyeliner,brand,Vaseline,7
Foundation,brand,Paese Cosmetics,7
Foundation,brand,Urban Beauty United,7
Lipstick,brand,Bling Bag,7
Lipstick,brand,Colgate,7
Lipstick,brand,Forest Essentials,7
Lipstick,brand,Jewels Galaxy,7
Lipstick,brand,Kama Ayurveda,7
Lipstick,brand,Matrix,7
Lipstick,brand,Philips,7
Lipstick,brand,Sunsilk,7
Lipstick,brand,Vaseline,7
Lipstick,brand,Versace,7
Nail Polish,brand,Odiva,7
Shampoo,brand,Ananda,7
Shampoo,brand,Bio Resurge,7
Shampoo,brand,Clinique,7
Shampoo,brand,Colab,7
Shampoo,brand,Franck Provost,7
Shampoo,brand,Inatur,7
Shampoo,brand,John Frieda,7
Shampoo,brand,Natural Vibes,7
Shampoo,brand,Naturica,7
Shampoo,brand,Nyassa,7
Shampoo,brand,Vagad's Khadi,7
Shampoo,brand,Vaseline,7
Shampoo,brand,Vert,7
Eyeliner,brand,Forest Essentials,6
Eyeliner,brand,Natio,6
Eyeliner,brand,Organistick,6
Eyeliner,brand,PrettySecrets,6
Eyeliner,brand,TEEN.TEEN,6
Eyeliner,brand,The Vintage Cosmetic Company,6
Eyeliner,brand,VLCC,6
Eyeliner,brand,Vedic Line,6
Foundation,brand,Alainne,6
Foundation,brand,Bella Voste,6
Foundation,brand,Color Fever,6
Foundation,brand,Eleanor,6
Foundation,brand,Freedom,6
Foundation,brand,Jaquline USA,6
Foundation,brand,London Pride Cosmetics,6
Lipstick,brand,Aromagic,6
Lipstick,brand,Disney,6
Lipstick,brand,Joy,6
Lipstick,brand,Kairali,6
Lipstick,brand,LOOkX,6
Lipstick,brand,La Mior,6
Lipstick,brand,Lo,6
Lipstick,brand,Luxury Focus,6
Lipstick,brand,Neutrogena,6
Lipstick,brand,PROWOMEN,6
Lipstick,brand,Sonaturals,6
Lipstick,brand,Swati Khadi,6
Lipstick,brand,Toni&Guy,6
Lipstick,brand,Wynk Me,6
Nail Polish,brand,Absolute New York,6
Nail Polish,brand,Anusha For PrettySecrets,6
Nail Polish,brand,AromaMagic,6
Nail Polish,brand,Estee Lauder,6
Nail Polish,brand,Kanai Organics,6
Nail Polish,brand,Khadi Natural,6
Nail Polish,brand,Milani,6
Nail Polish,brand,Nature's Essence,6
Nail Polish,brand,Ponds,6
Nail Polish,brand,St.Botanica,6
Shampoo,brand,Aqua Vera,6
Shampoo,brand,Beardo,6
Shampoo,brand,Bodycare,6
Shampoo,brand,Debon Herbals,6
Shampoo,brand,Dr. Vaidya's,6
Shampoo,brand,Essence,6
Shampoo,brand,Estee Lauder,6
Shampoo,brand,GNC,6
Shampoo,brand,Global Beauty Secrets,6
Shampoo,brand,Kiko Milano,6
Shampoo,brand,Label.m,6
Shampoo,brand,M.A.C,6
Shampoo,brand,Meera,6
Shampoo,brand,Mirah Belle,6
Shampoo,brand,Morpheme Remedies,6
Shampoo,brand,Pears,6
Shampoo,brand,Philips,6
Shampoo,brand,Rene Furterer,6
Shampoo,brand,Swiss Tempelle,6
Eyeliner,brand,BOLLYGLOW,5
Eyeliner,brand,Babila,5
Eyeliner,brand,Bella,5
Eyeliner,brand,Blush,5
Eyeliner,brand,DearPacker,5
Eyeliner,brand,Dermal,5
Eyeliner,brand,Huda Beauty,5
Eyeliner,brand,Jeva,5
Eyeliner,brand,Lord & Berry,5
Eyeliner,brand,Mi,5
Eyeliner,brand,Mistral Of Milan,5
Eyeliner,brand,Ponds,5
Eyeliner,brand,Sebamed,5
Eyeliner,brand,Shahnaz Husain,5
Eyeliner,brand,Streax,5
Eyeliner,brand,Zuii Organic,5
Foundation,brand,Cosmetica,5
Foundation,brand,Nykaa Naturals,5
Foundation,brand,W7,5
Lipstick,brand,Beauty Award Winners,5
Lipstick,brand,BioCare,5
Lipstick,brand,Calvin Klein,5
Lipstick,brand,Fabindia,5
Lipstick,brand,Iba Hala,5
Lipstick,brand,Jimmy Choo,5
Lipstick,brand,Jovees,5
Lipstick,brand,Karen Murrell,5
Lipstick,brand,Maybelline,5
Lipstick,brand,NELF,5
Lipstick,brand,O3+,5
Lipstick,brand,Parachute,5
Lipstick,brand,PrettySecrets,5
Lipstick,brand,Swiss,5
Lipstick,brand,Vaadi Herbals,5
Nail Polish,brand,Clean & Clear,5
Nail Polish,brand,Davidoff,5
Nail Polish,brand,Kama Ayurveda,5
Nail Polish,brand,L.A. Girl,5
Nail Polish,brand,Plum,5
Nail Polish,brand,Ramsons,5
Nail Polish,brand,Yardley London,5
Shampoo,brand,Arata Zero Chemicals,5
Shampoo,brand,Astaberry,5
Shampoo,brand,Beaver Professional,5
Shampoo,brand,Bon Organics,5
Shampoo,brand,Brahma Bull,5
Shampoo,brand,Chaoba,5
Shampoo,brand,Cinthol,5
Shampoo,brand,Dermalogica,5
Shampoo,brand,Elle 18,5
Shampoo,brand,Kairali,5
Shampoo,brand,Natio,5
Shampoo,brand,Petal Fresh,5
Shampoo,brand,Ponds,5
Shampoo,brand,The Face Shop,5
Shampoo,brand,Tjori,5
Eyeliner,brand,DeBelle,4
Eyeliner,brand,Elenblu,4
Eyeliner,brand,Fiama,4
Eyeliner,brand,MUD,4
Eyeliner,brand,Palladio,4
Eyeliner,brand,SUGA,4
Eyeliner,brand,Simply Pretty,4
Eyeliner,brand,Spawake,4
Eyeliner,brand,The Lingerie Shop,4
Eyeliner,brand,Votre,4
Foundation,brand,Dove,4
Foundation,brand,Lottie London,4
Foundation,brand,Mamaearth,4
Foundation,brand,Mistral Of Milan,4
Foundation,brand,Oshea Herbals,4
Foundation,brand,Panache,4
Foundation,brand,SeaSoul,4
Foundation,brand,TEMPTU,4
Foundation,brand,Tresemme,4
Foundation,brand,YLG,4
Foundation,brand,Zuii Organic,4
Lipstick,brand,Diesel,4
Lipstick,brand,Dolce & Gabbana,4
Lipstick,brand,Ellement Co.,4
Lipstick,brand,Kingdom Of Lashes,4
Lipstick,brand,Lever Ayush,4
Lipstick,brand,Makeup Obsession,4
Lipstick,brand,NYX P,4
Lipstick,brand,Pears,4
Lipstick,brand,Rexona,4
Lipstick,brand,Secrett Curves,4
Lipstick,brand,Vedic Line,4
Nail Polish,brand,Dr.Batra's,4
Nail Polish,brand,Ferrarucci,4
Nail Polish,brand,Kaya,4
Nail Polish,brand,Lotus Organics,4
Nail Polish,brand,Lux,4
Nail Polish,brand,Mis,4
Nail Polish,brand,NELF US,4
Nail Polish,brand,Spinz,4
Nail Polish,brand,Vedic Line,4
Shampoo,brand,Amante,4
Shampoo,brand,Aryanveda,4
Shampoo,brand,Axe,4
Shampoo,brand,Ayur Veda Aroma,4
Shampoo,brand,Cedel,4
Shampoo,brand,Davidoff,4
Shampoo,brand,Earthvedic,4
Shampoo,brand,Globus Remedies,4
Shampoo,brand,Happy Natural,4
Shampoo,brand,Head & Should,4
Shampoo,brand,HealthVit,4
Shampoo,brand,India Grooming Club,4
Shampoo,brand,Inveda,4
Shampoo,brand,Keshking,4
Shampoo,brand,Ktein,4
Shampoo,brand,LANEIGE,4
Shampoo,brand,Lorys,4
Shampoo,brand,Luxury Ayurveda,4
Shampoo,brand,Mamaeart,4
Shampoo,brand,Mee Mee,4
Shampoo,brand,Mothercare,4
Shampoo,brand,Pure Elements,4
Shampoo,brand,Roots & Herbs,4
Shampoo,brand,SeeSee,4
Shampoo,brand,Spa Ceylon Luxury Ayurveda,4
Shampoo,brand,Supersilk,4
Shampoo,brand,Surya Brasil,4
Shampoo,brand,The Moms,4
Shampoo,brand,Tres,4
Shampoo,brand,Ustraa,4
Eyeliner,brand,Acnes,3
Eyeliner,brand,Adidas,3
Eyeliner,brand,Allure,3
Eyeliner,brand,Beverly Hills Polo Club,3
Eyeliner,brand,Close-Up,3
Eyeliner,brand,Colgate,3
Eyeliner,brand,Da Intimo,3
Eyeliner,brand,Depilah,3
Eyeliner,brand,Fabindia,3
Eyeliner,brand,Ferrarucci,3
Eyeliner,brand,Juliet,3
Eyeliner,brand,Kaya,3
Eyeliner,brand,LASplash,3
Eyeliner,brand,Lux,3
Eyeliner,brand,Mak,3
Eyeliner,brand,NELF,3
Eyeliner,brand,Natural Bath and Body,3
Eyeliner,brand,Nike,3
Eyeliner,brand,OTG,3
Eyeliner,brand,Ocean Professional,3
Eyeliner,brand,Pepsodent,3
Eyeliner,brand,R.K's Aroma,3
Eyeliner,brand,Shany,3
Eyeliner,brand,Spekta Cosmetics,3
Eyeliner,brand,Streax Professional,3
Eyeliner,brand,Swiss Be,3
Eyeliner,brand,Teen Beauty,3
Eyeliner,brand,The Beauty Co.,3
Foundation,brand,Eylina,3
Foundation,brand,Kai,3
Foundation,brand,L'Occitane,3
Foundation,brand,Palladi,3
Foundation,brand,Ponds,3
Foundation,brand,Revoluti,3
Foundation,brand,Simply Pretty,3
Foundation,brand,Stars Cosmetics,3
Foundation,brand,VLCC,3
Lipstick,brand,Acnes,3
Lipstick,brand,Adidas,3
Lipstick,brand,Aloe Veda,3
Lipstick,brand,Aroma Treasures,3
Lipstick,brand,Assure,3
Lipstick,brand,BVLGARI,3
Lipstick,brand,Beter Beauty Accessories,3
Lipstick,brand,Blush,3
Lipstick,brand,Cetaphil,3
Lipstick,brand,Color,3
Lipstick,brand,Dabur,3
Lipstick,brand,Dettol,3
Lipstick,brand,Durex,3
Lipstick,brand,Elenblu,3
Lipstick,brand,Envy,3
Lipstick,brand,Esbeda,3
Lipstick,brand,Giorgio Armani,3
Lipstick,brand,Golden Peacock,3
Lipstick,brand,Havells,3
Lipstick,brand,Indulekha,3
Lipstick,brand,Kara,3
Lipstick,brand,Khadi Pure,3
Lipstick,brand,L'Oreal P,3
Lipstick,brand,Lux,3
Lipstick,brand,Mak,3
Lipstick,brand,May,3
Lipstick,brand,N,3
Lipstick,brand,NYX Professional Mak,3
Lipstick,brand,Park Avenue,3
Lipstick,brand,SU,3
Lipstick,brand,Sally Hansen,3
Lipstick,brand,The,3
Lipstick,brand,The Bo,3
Lipstick,brand,United Colors Of Benetton,3
Lipstick,brand,Yardley London,3
Nail Polish,brand,Axe,3
Nail Polish,brand,Beter Beauty Accessories,3
Nail Polish,brand,Calvin Klein,3
Nail Polish,brand,Cinthol,3
Nail Polish,brand,Crown,3
Nail Polish,brand,Fair and Lovely,3
Nail Polish,brand,Fiama,3
Nail Polish,brand,Flower Beauty,3
Nail Polish,brand,Fogg,3
Nail Polish,brand,Garnier,3
Nail Polish,brand,Gillette,3
Nail Polish,brand,Givenchy,3
Nail Polish,brand,Inatur,3
Nail Polish,brand,Jovees,3
Nail Polish,brand,Joy,3
Nail Polish,brand,L'Occitane,3
Nail Polish,brand,Make Up For Life,3
Nail Polish,brand,Nature's Secrets,3
Nail Polish,brand,Old Spice,3
Nail Polish,brand,PAC,3
Nail Polish,brand,Park Avenue,3
Nail Polish,brand,Pears,3
Nail Polish,brand,Secret Temptation,3
Nail Polish,brand,Secrett Curves,3
Nail Polish,brand,Skin Lab,3
Nail Polish,brand,Spekta Cosmetics,3
Nail Polish,brand,St. D'Vencé,3
Nail Polish,brand,Swiss Tempelle,3
Nail Polish,brand,The Body Care,3
Nail Polish,brand,Toni&Guy,3
Nail Polish,brand,Vega,3
Shampoo,brand,Ashtapathy,3
Shampoo,brand,Australis,3
Shampoo,brand,Avene,3
Shampoo,brand,Bioderma,3
Shampoo,brand,Boroplus,3
Shampoo,brand,Chambor,3
Shampoo,brand,Chloé,3
Shampoo,brand,Clean & Clear,3
Shampoo,brand,Clovia,3
Shampoo,brand,ColorpHlex,3
Shampoo,brand,Deborah,3
Shampoo,brand,Donum Naturals,3
Shampoo,brand,Dr. Sheth's,3
Shampoo,brand,Earthi,3
Shampoo,brand,Elizabeth Arden,3
Shampoo,brand,Golden Peacock,3
Shampoo,brand,Insight Cosmetics,3
Shampoo,brand,K.P. Namboodir,3
Shampoo,brand,Kama Ay,3
Shampoo,brand,L,3
Shampoo,brand,NYX Professional Makeup,3
Shampoo,brand,Naturalium,3
Shampoo,brand,Ni,3
Shampoo,brand,Nykaa Naturals,3
Shampoo,brand,Osmo,3
Shampoo,brand,PAC,3
Shampoo,brand,Panache,3
Shampoo,brand,Parachute,3
Shampoo,brand,Wild Earth,3
Shampoo,brand,Wild Stone,3
Shampoo,brand,Yardley London,3
Eyeliner,brand,Abelino,2
Eyeliner,brand,Be Mine,2
Eyeliner,brand,Candyskin,2
Eyeliner,brand,Crown,2
Eyeliner,brand,Davidoff,2
Eyeliner,brand,Eva,2
Eyeliner,brand,HERMČS,2
Eyeliner,brand,Inner Sense,2
Eyeliner,brand,Island Kiss,2
Eyeliner,brand,Jaquline,2
Eyeliner,brand,Kama Ayurveda,2
Eyeliner,brand,Khadi Gold,2
Eyeliner,brand,L'Occitane,2
Eyeliner,brand,L'Ore,2
Eyeliner,brand,Libertina,2
Eyeliner,brand,Makeup Obsession,2
Eyeliner,brand,Maybelline,2
Eyeliner,brand,NewU,2
Eyeliner,brand,Nidhi Munim,2
Eyeliner,brand,P,2
Eyeliner,brand,Palmolive,2
Eyeliner,brand,Park Avenue,2
Eyeliner,brand,Pears,2
Eyeliner,brand,Philips,2
Eyeliner,brand,Revoluti,2
Eyeliner,brand,SeaSoul,2
Eyeliner,brand,Secrett Curves,2
Eyeliner,brand,Shyaway,2
Eyeliner,brand,Soie,2
Eyeliner,brand,Stayfree,2
Eyeliner,brand,Sunsilk,2
Eyeliner,brand,Tenamyd Canada,2
Eyeliner,brand,The Face Sh,2
Eyeliner,brand,Vaadi Herbals,2
Eyeliner,brand,W7,2
Eyeliner,brand,WOW,2
Eyeliner,brand,Wild Stone,2
Foundation,brand,Acnes,2
Foundation,brand,AromaMagic,2
Foundation,brand,Avene,2
Foundation,brand,Beauty Award Winners,2
Foundation,brand,BioCare,2
Foundation,brand,Cetaphil,2
Foundation,brand,Crown,2
Foundation,brand,Filone,2
Foundation,brand,Garnier,2
Foundation,brand,INNOXA,2
Foundation,brand,Kiehl's,2
Foundation,brand,Klairs,2
Foundation,brand,Nivea,2
Foundation,brand,Nykaa Co,2
Foundation,brand,Pro Arte,2
Foundation,brand,Sally Hansen,2
Foundation,brand,Shany,2
Foundation,brand,Streax,2
Foundation,brand,TS,2
Foundation,brand,The Body Care,2
Foundation,brand,Vaseline,2
Foundation,brand,Vedic Line,2
Lipstick,brand,ADS,2
Lipstick,brand,Ahilya Jewels,2
Lipstick,brand,Antonio Banderas,2
Lipstick,brand,Artsy Design Co.,2
Lipstick,brand,Babila,2
Lipstick,brand,Bag of Small Things,2
Lipstick,brand,Bipha Ayurveda,2
Lipstick,brand,Bodyguard,2
Lipstick,brand,Bon,2
Lipstick,brand,C9,2
Lipstick,brand,Card Affairs,2
Lipstick,brand,Cinthol,2
Lipstick,brand,Coco Soul,2
Lipstick,brand,Cro,2
Lipstick,brand,DNS,2
Lipstick,brand,Design Pataki,2
Lipstick,brand,Doodle Collection,2
Lipstick,brand,Eva,2
Lipstick,brand,Fair and Lovely,2
Lipstick,brand,Fida,2
Lipstick,brand,Floret,2
Lipstick,brand,Focallur,2
Lipstick,brand,Fogg,2
Lipstick,brand,Fr,2
Lipstick,brand,Fuschia,2
Lipstick,brand,HERMČS,2
Lipstick,brand,Happipress,2
Lipstick,brand,Hari Darshan,2
Lipstick,brand,Inalsa,2
Lipstick,brand,Ingl,2
Lipstick,brand,Insig,2
Lipstick,brand,Jean Paul Gaultier,2
Lipstick,brand,Kinetics,2
Lipstick,brand,Kohinoor,2
Lipstick,brand,L'Occitane,2
Lipstick,brand,Libertina,2
Lipstick,brand,Lifebuoy,2
Lipstick,brand,Livon,2
Lipstick,brand,Lotus Organics,2
Lipstick,brand,M,2
Lipstick,brand,Mistra,2
Lipstick,brand,Nature's Essence,2
Lipstick,brand,Ny,2
Lipstick,brand,PaperPlanes,2
Lipstick,brand,S,2
Lipstick,brand,Schwarzkopf,2
Lipstick,brand,Schwarzkopf Professional,2
Lipstick,brand,Shakira,2
Lipstick,brand,Shany,2
Lipstick,brand,Streax,2
Lipstick,brand,Street,2
Lipstick,brand,The Vintage Cosmetic Company,2
Lipstick,brand,Tommy Hilfiger,2
Lipstick,brand,Versace 19.69,2
Lipstick,brand,Wella Professionals,2
Nail Polish,brand,Abelino,2
Nail Polish,brand,BBlunt,2
Nail Polish,brand,BVLGARI,2
Nail Polish,brand,Chicco,2
Nail Polish,brand,Dabur,2
Nail Polish,brand,Denver,2
Nail Polish,brand,Ga,2
Nail Polish,brand,Giorgio Armani,2
Nail Polish,brand,Havells,2
Nail Polish,brand,Hugo Boss,2
Nail Polish,brand,I Heart Revolution,2
Nail Polish,brand,Juicy Chemistry,2
Nail Polish,brand,Khadi Gold,2
Nail Polish,brand,Khadi Pure,2
Nail Polish,brand,Khadi Shuddha,2
Nail Polish,brand,Kiehl's,2
Nail Polish,brand,Kronokare,2
Nail Polish,brand,L'Oreal Professionnel,2
Nail Polish,brand,MAKE UP FOR EVER,2
Nail Polish,brand,NUGE,2
Nail Polish,brand,November Bloom,2
Nail Polish,brand,Palmolive,2
Nail Polish,brand,Parachute,2
Nail Polish,brand,Rica,2
Nail Polish,brand,SU,2
Nail Polish,brand,SUG,2
Nail Polish,brand,Santoor,2
Nail Polish,brand,Schwarzkopf,2
Nail Polish,brand,Smashbox,2
Nail Polish,brand,Soie,2
Nail Polish,brand,Sunsilk,2
Nail Polish,brand,The Face Shop,2
Nail Polish,brand,United Colors Of Benetton,2
Nail Polish,brand,Vivel,2
Nail Polish,brand,Wet n Wil,2
Shampoo,brand,Adidas,2
Shampoo,brand,Anuspa,2
Shampoo,brand,BBlun,2
Shampoo,brand,Barva Skin Therapie,2
Shampoo,brand,Beverly Hills Polo Club,2
Shampoo,brand,BioCare,2
Shampoo,brand,Bottega D,2
Shampoo,brand,Brylcreem,2
Shampoo,brand,Calvin Klein,2
Shampoo,brand,Cocomo,2
Shampoo,brand,Derma Essentia,2
Shampoo,brand,Diesel,2
Shampoo,brand,Dolce & Gabbana,2
Shampoo,brand,Elite Models,2
Shampoo,brand,Fiama,2
Shampoo,brand,Foltene,2
Shampoo,brand,GUBB USA,2
Shampoo,brand,Giorgio Armani,2
Shampoo,brand,Greenviv,2
Shampoo,brand,Happily Unmarried,2
Shampoo,brand,Havells,2
Shampoo,brand,Herbal Hills,2
Shampoo,brand,Hidesign,2
Shampoo,brand,Holii,2
Shampoo,brand,IHA,2
Shampoo,brand,Inner Sense,2
Shampoo,brand,Jeanne en Provence,2
Shampoo,brand,Juicy Chemistr,2
Shampoo,brand,Juliet,2
Shampoo,brand,Kaya Youth,2
Shampoo,brand,Kent,2
Shampoo,brand,La Shield,2
Shampoo,brand,Lacto Calamine,2
Shampoo,brand,Mantra Herbal,2
Shampoo,brand,Moha,2
Shampoo,brand,Na,2
Shampoo,brand,OMORFEE,2
Shampoo,brand,Oriental Botanics,2
Shampoo,brand,Palmolive,2
Shampoo,brand,Paul Penders,2
Shampoo,brand,Qraa,2
Shampoo,brand,Roots,2
Shampoo,brand,SO,2
Shampoo,brand,SOVA,2
Shampoo,brand,SUGAR,2
Shampoo,brand,Schwarzkopf Profes,2
Shampoo,brand,St. Ives,2
Shampoo,brand,Stayfree,2
Shampoo,brand,The,2
Shampoo,brand,The Beauty Co.,2
Shampoo,brand,The Body,2
Shampoo,brand,Toppik,2
Shampoo,brand,Versace,2
Shampoo,brand,Wella Profession,2
Shampoo,brand,Whisper,2
Shampoo,brand,Yves Roche,2
Shampoo,brand,Zuci,2
